{"CreditLineUsage": {"min": 0.0, "max": 10.007802521800768}, "Age": {"min": 21, "max": 109}, "Late30to59Days": {"min": 0.0, "max": 4.59511985013459}, "DebtRatio": {"min": 0.0, "max": 12.634609541206094}, "MonthlyIncome": {"min": 0.0, "max": 13.635236104423946}, "OpenCreditLines": {"min": 0.0, "max": 4.060443010546419}, "Late90Days": {"min": 0.0, "max": 4.59511985013459}, "RealEstateLoans": {"min": 0.0, "max": 3.4011973816621555}, "Late60to89Days": {"min": 0.0, "max": 4.59511985013459}, "Dependents": {"min": 0.0, "max": 2.3978952727983707}}